{
  "project_info": {
    "project_number": "29962278630",
    "firebase_url": "https://educare-pawgrammers-default-rtdb.asia-southeast1.firebasedatabase.app",
    "project_id": "educare-pawgrammers",
    "storage_bucket": "educare-pawgrammers.firebasestorage.app"
  },
  "client": [
    {
      "client_info": {
        "mobilesdk_app_id": "1:29962278630:android:346fcf45da2be9e1c9cd27",
        "android_client_info": {
          "package_name": "com.example.educare_new"
        }
      },
      "oauth_client": [],
      "api_key": [
        {
          "current_key": "AIzaSyA4lssUMtae6Am-LXI5Qkx7uwe0zLmRS5M"
        }
      ],
      "services": {
        "appinvite_service": {
          "other_platform_oauth_client": []
        }
      }
    }
  ],
  "configuration_version": "1"
}