{"flutter":{"platforms":{"android":{"default":{"projectId":"educare-pawgrammers","appId":"1:29962278630:android:346fcf45da2be9e1c9cd27","fileOutput":"android/app/google-services.json"}},"dart":{"lib/firebase_options.dart":{"projectId":"educare-pawgrammers","configurations":{"android":"1:29962278630:android:346fcf45da2be9e1c9cd27","ios":"1:29962278630:ios:ef724d0fc49b5e04c9cd27","macos":"1:29962278630:ios:ef724d0fc49b5e04c9cd27","web":"1:29962278630:web:028b181036825b04c9cd27","windows":"1:29962278630:web:0b502713fecbd2f8c9cd27"}}}}}}